{"bot_lon_deformation": 0.6584918371207853, "top_lon_deformation": 0.6573887661111487, "minlon": 2.2521459, "maxlon": 2.4286218, "minlat": 48.8150471, "maxlat": 48.898972, "coef": 84997.44157700842, "shape": [7133, 9877]}