{"corners": [[48.88465520717139, 2.2858082188125595], [48.88370243747027, 2.405421490661454], [48.82726731607711, 2.2848224488540136], [48.826314546376, 2.4044357207029083]], "projection": [0.01169666722821831, 0.6788197355244461, 0.996845454852292, 48.88465520717139, 2.2858082188125595], "x": [5119, 4312, 5727, 3881, 7260], "y": [3584, 6657, 4305, 2446, 4015], "x_": [5048, 4518, 5424, 4294, 6389], "y_": [3455, 5492, 3901, 2743, 3746]}