{"corners": [[48.888590825939296, 2.2690791843033185], [48.8879210046288, 2.415314339203394], [48.82691153400631, 2.2684086445713882], [48.82624171269581, 2.4146437994714636]], "projection": [0.0070564934956545144, 0.7910289411697352, 1.218656631663428, 48.888590825939296, 2.2690791843033185], "x": [2422, 2677, 3015, 2241, 3559], "y": [2854, 1673, 2052, 1204, 1870], "x_": [4677, 5047, 5583, 4344, 6389], "y_": [5225, 3456, 4014, 2719, 3748]}