{"corners": [[48.91260684917449, 2.2095809293954582], [48.91157991845275, 2.432298360871838], [48.80777371491519, 2.208462906337733], [48.80674678419346, 2.431180337814113]], "projection": [0.007012331601411606, 1.2203966720479573, 1.8560242283984825, 48.91260684917449, 2.2095809293954582], "x": [5783, 6100, 6546, 7205, 5533], "y": [5182, 3719, 4186, 3965, 3141], "x_": [4677, 5046, 5582, 6391, 4345], "y_": [5224, 3455, 4014, 3750, 2719]}