{"corners": [[48.90404483277382, 2.2381285166097253], [48.90573835395475, 2.4288721410441805], [48.81058074589257, 2.2400181845631253], [48.812274267073505, 2.4307618089975804]], "projection": [-0.013397219782554662, 1.0534348854308457, 1.589672863099333, 48.90404483277382, 2.2381285166097253], "x": [4639, 5066, 5435, 4484, 6281], "y": [5241, 3478, 3841, 2828, 3747], "x_": [4519, 5047, 5438, 4345, 6390], "y_": [5492, 3455, 3871, 2719, 3750]}