{"corners": [[48.909711804546944, 2.241331238510788], [48.90866347855782, 2.431961207202384], [48.808521666782696, 2.2400411512851455], [48.80747334079357, 2.4306711199767412]], "projection": [0.008373034536741732, 1.0433674851435084, 1.588638760015257, 48.909711804546944, 2.241331238510788], "x": [5136, 5462, 6010, 6789, 4801], "y": [5881, 4178, 4706, 4449, 3477], "x_": [4677, 5047, 5583, 6390, 4345], "y_": [5225, 3456, 4014, 3749, 2720]}