{"corners": [[48.90851243354564, 2.2390537338798104], [48.90535822526211, 2.439687932146455], [48.81362791962056, 2.2353967735747315], [48.81047371133703, 2.436030971841376]], "projection": [0.024610331645271807, 1.0681579970219546, 1.6724581041912572, 48.90851243354564, 2.2390537338798104], "x": [6169, 6770, 5869, 7366, 8300], "y": [7559, 5180, 4316, 5861, 5500], "x_": [4519, 5045, 4294, 5576, 6390], "y_": [5492, 3455, 2743, 4011, 3750]}