{"corners": [[48.89064291081513, 2.278621472805272], [48.893058141891466, 2.408777485095975], [48.823451452039166, 2.28163589489079], [48.8258666831155, 2.411791907181493]], "projection": [-0.02884508015154449, 0.6978561634997886, 1.0850848207111898, 48.89064291081513, 2.278621472805272], "x": [3749, 4172, 4668, 5792, 3375], "y": [5471, 3318, 3839, 3696, 2467], "x_": [4677, 5047, 5438, 6388, 4344], "y_": [5224, 3456, 3871, 3748, 2719]}