{"corners": [[48.912077265966275, 2.228974479682262], [48.910481656934245, 2.427687379994848], [48.806966338242965, 2.22709505967636], [48.805370729210935, 2.4258079599889464]], "projection": [0.011981671732444962, 1.1097833744381451, 1.6560597068606955, 48.912077265966275, 2.228974479682262], "x": [4534, 5331, 4890, 4320, 5930], "y": [4965, 3809, 3444, 2897, 3652], "x_": [4518, 5613, 5048, 4302, 6390], "y_": [5493, 3943, 3456, 2729, 3750]}