{"corners": [[48.902694526969725, 2.2506095072583827], [48.92849208937179, 2.414676733746057], [48.81640756869629, 2.278923099174452], [48.84220513109835, 2.4429903256621266]], "projection": [-0.22335521378143963, 0.9705509436496514, 1.4020542650015155, 48.902694526969725, 2.2506095072583827], "x": [3171, 3479, 3859, 4401, 3017], "y": [3735, 2433, 2802, 2621, 1966], "x_": [4516, 5046, 5583, 6390, 4344], "y_": [5494, 3456, 4014, 3749, 2719]}