{"corners": [[48.892708417765625, 2.2646763631004125], [48.89385613124034, 2.4232373713882582], [48.82026563389299, 2.2658728962446184], [48.82141334736771, 2.4244339045324645]], "projection": [-0.010933671849911238, 0.8747719568051247, 1.3214207196841743, 48.892708417765625, 2.2646763631004125], "x": [5488, 5964, 6718, 7824, 5013], "y": [6446, 4049, 4822, 4457, 3042], "x_": [4677, 5048, 5584, 6390, 4344], "y_": [5224, 3455, 4015, 3749, 2719]}