{"corners": [[48.883239951375046, 2.294095413686664], [48.90892499038938, 2.3877581456324473], [48.82994925562974, 2.3185193344420942], [48.85563429464408, 2.412182066387877]], "projection": [-0.34069437707947176, 0.6405726400226903, 0.8281207692768437, 48.883239951375046, 2.294095413686664], "x": [3250, 3637, 4361, 2642, 5439], "y": [4663, 2696, 3379, 1767, 3008], "x_": [4678, 5047, 5584, 4295, 6389], "y_": [5225, 3456, 4015, 2742, 3749]}