{"corners": [[48.914676346016876, 2.205639823245135], [48.9135548256173, 2.4295857227676083], [48.80370630340948, 2.2043667099123976], [48.8025847830099, 2.428312609434871]], "projection": [0.007579741084419242, 1.2330358937278487, 1.866269439996357, 48.914676346016876, 2.205639823245135], "x": [4566, 4775, 5141, 5625, 4345], "y": [4018, 2921, 3223, 3098, 2480], "x_": [4676, 5047, 5612, 6391, 4345], "y_": [5225, 3457, 3945, 3750, 2719]}