{"corners": [[48.890523583931014, 2.2730564645063227], [48.88997295111613, 2.4137682261954616], [48.82457549577849, 2.272484596397047], [48.82402486296361, 2.413196358086186]], "projection": [0.005825158765726091, 0.787726639874438, 1.1726179089336344, 48.890523583931014, 2.2730564645063227], "x": [4969, 5417, 6171, 7292, 4433], "y": [6109, 3711, 4480, 4099, 2721], "x_": [4677, 5047, 5583, 6390, 4344], "y_": [5224, 3456, 4014, 3750, 2720]}