{"corners": [[48.89022038551537, 2.274769932871566], [48.891189285627064, 2.4172648668582526], [48.82452481230495, 2.275800840492731], [48.825493712416645, 2.4182957744794176]], "projection": [-0.01032918764393509, 0.7816985664879258, 1.187521132231169, 48.89022038551537, 2.274769932871566], "x": [5087, 4624, 5831, 6943, 4074], "y": [3621, 6027, 4374, 4034, 2692], "x_": [5047, 4679, 5573, 6391, 4294], "y_": [3456, 5225, 4011, 3748, 2742]}